{
  "name": "cn.widgetjs.widgets.hotspot",
  "author": "Widget JS",
  "homepage": "https://widgetjs.cn",
  "description": {
    "zh": "全网热点组件"
  },
  "entry": "index.html",
  "version": "0.0.1",
  "hash": true,
  "devOptions": {
    "folder": "./src/widgets/",
    "storybook": false,
    "route": true,
    "devUrl": "http://localhost:5173"
  },
  "widgets": [
    {
      "lang": "zh",
      "name": "cn.widgetjs.widgets.hotspot.bilibili",
      "title": {
        "zh": "bilibili热搜"
      },
      "description": {
        "zh": "看看年轻人在B站搜什么"
      },
      "keywords": [
        "recommend"
      ],
      "width": 4,
      "height": 3,
      "movable": true,
      "permissions": [],
      "maxWidth": 6,
      "maxHeight": 6,
      "minWidth": 4,
      "minHeight": 3,
      "backgroundThrottling": true,
      "previewImage": "/images/bilibili_hot_search.png",
      "refreshWhenResided": false,
      "hideWhenBlur": false,
      "supportHostedMode": 17,
      "routes": [
        {
          "url": "/widget/bilibili",
          "name": "index"
        }
      ]
    },
    {
      "lang": "zh",
      "name": "cn.widgetjs.widgets.hotspot.douyin",
      "title": {
        "zh": "抖音热榜"
      },
      "description": {
        "zh": "抖音热榜"
      },
      "keywords": [
        "recommend"
      ],
      "width": 4,
      "height": 3,
      "movable": true,
      "permissions": [],
      "maxWidth": 6,
      "maxHeight": 6,
      "minWidth": 4,
      "minHeight": 3,
      "backgroundThrottling": true,
      "previewImage": "/images/preview_douyin.png",
      "refreshWhenResided": false,
      "hideWhenBlur": false,
      "supportHostedMode": 17,
      "routes": [
        {
          "url": "/widget/douyin",
          "name": "index"
        }
      ]
    },
    {
      "lang": "zh",
      "name": "ccn.widgetjs.widgets.hotspot.weibo",
      "title": {
        "zh": "微博热搜"
      },
      "description": {
        "zh": "微博热搜"
      },
      "keywords": [
        "recommend"
      ],
      "width": 4,
      "height": 3,
      "movable": true,
      "permissions": [],
      "maxWidth": 4,
      "maxHeight": 6,
      "minWidth": 4,
      "minHeight": 3,
      "backgroundThrottling": true,
      "previewImage": "/images/weibo_hot_search.png",
      "refreshWhenResided": false,
      "hideWhenBlur": false,
      "supportHostedMode": 17,
      "routes": [
        {
          "url": "/widget/weibo",
          "name": "index"
        }
      ]
    },
    {
      "lang": "zh",
      "name": "cn.widgetjs.widgets.hotspot.zhihu",
      "title": {
        "zh": "知乎"
      },
      "description": {
        "zh": "知乎热榜与日报"
      },
      "keywords": [
        "recommend"
      ],
      "width": 4,
      "height": 3,
      "movable": true,
      "permissions": [],
      "maxWidth": 4,
      "maxHeight": 4,
      "minWidth": 4,
      "minHeight": 3,
      "backgroundThrottling": true,
      "previewImage": "/images/preview_zhihu.png",
      "refreshWhenResided": false,
      "hideWhenBlur": false,
      "supportHostedMode": 17,
      "routes": [
        {
          "url": "/widget/zhihu",
          "name": "index"
        }
      ]
    }
  ]
}